channel	readout_probe_id	readout_probe_sequence	L/R
488	1	TCATCTCAGTTAGT	L
488	2	TGAATGACTTCTGG	L
488	3	CGATGAGATTACAG	L
488	4	CAGATGCTTATTGA	L
488	5	CCTAAGTAGTGGAA	L
488	6	ATCCTCATTAGACA	L
488	7	TTATGTCTTGTGGC	L
488	8	CTCGTATCCTTCTT	L
488	9	AATCGTGGTATCTA	L
488	10	AAGATAAGTTCCTC	L
488	11	CTCATAACCTACCT	L
488	12	TAGAGAGGTAGCAA	L
488	13	CCTGTAACGAATAG	L
488	14	GTATTTCCGATGAC	L
488	15	GAGGTTAGAGAAGC	L
488	16	TTATGAGGTAGGTC	L
488	17	GAATGCCTTATCAC	L
488	18	ACTGGTGAATGGAT	L
488	19	TCCATCTAACTTGC	L
488	20	CACAGTGATAATGC	L
488	21	GTGCGGACAATAAT	L
488	22	GTGTTAGGTATTGG	L
488	23	GCATAACCTAAGTG	L
488	24	CTCACTGATACACT	L
488	25	CTTGTGGAGATTGT	L
488	26	CGTTGAAGATAACC	L
488	27	CGCACATAATCAAT	L
488	28	CGGTAATAAGTCTC	L
488	29	CAGAGTGTTCAATC	L
488	30	TCTAATGTCATCCT	L
488	1	TACTTACTCAGCAC	R
488	2	TAGGTAACATCTGA	R
488	3	TCAAGGAGTAATCC	R
488	4	GAATACAATAGCGG	R
488	5	CATAAGAGGTCTGA	R
488	6	TACAACGACGATTC	R
488	7	ACAGTTCTACGAAT	R
488	8	CCGTCATCACATTA	R
488	9	TGTGGTTGTAGTAT	R
488	10	CGTATTCTTCCGAA	R
488	11	TGACACTATGATGT	R
488	12	GCAAGAATAGACCA	R
488	13	CAACCATTGAAGAC	R
488	14	ACTAAAGGACCTAC	R
488	15	GATGAAGCCTATTA	R
488	16	TTGGTAGAAGGATG	R
488	17	CTGAACCGTGTAAT	R
488	18	GGATACATTGATGG	R
488	19	GATGTAACACCTCT	R
488	20	GGATAACCACTGTC	R
488	21	CTACAATCGTCAGC	R
488	22	CCAAGAGACAATCT	R
488	23	ATTCCATTATGTGC	R
488	24	AGTAATAGGCAAGA	R
488	25	CTTCAAGACTTACC	R
488	26	CGACACTCATAGAA	R
488	27	GCACCGTTCTTATT	R
488	28	AACGATACTTGGTC	R
488	29	CTATGAAGGAGTCA	R
488	30	CGGAATGGATTGTT	R
546	1	TCTAACATCGTGGA	L
546	2	TACGACCTATGTAA	L
546	3	TTACTCTGGCATAC	L
546	4	CTCTTGGTCGTTAT	L
546	5	ACACATAACTCAGT	L
546	6	CCAAGTTACTGACA	L
546	7	GTTCATTCAAGAGC	L
546	8	ACTGTAACCTAAGA	L
546	9	CGTTGTGATACTTC	L
546	10	TACTTGACCTAACC	L
546	11	GCCTTCATTCTAAT	L
546	12	TAGGACTCTACAGA	L
546	13	AATGGAGAATACCA	L
546	14	CAGTATTCGTTAGG	L
546	15	TAACTTACGCTGTG	L
546	16	CTACGCTTACAACG	L
546	17	TCTAAGAGATTCGC	L
546	18	TCAATCTTAGGTCG	L
546	19	GTAAGCATAAGACT	L
546	20	AACAGTCAATAGCC	L
546	21	TAAGACTCTGAATC	L
546	22	GAGGATTCAATAGG	L
546	23	ACAAGAGTGATGTA	L
546	24	CACACTTGACTTGA	L
546	25	GAACCTGTAATACG	L
546	26	AATGACCTATTGAC	L
546	27	AGGATACTAATGCC	L
546	28	GTTCCTATCACTTC	L
546	29	GTGAATACTTGGAC	L
546	30	CCACTCAGAGATTA	L
546	1	TACCAGAATAACGG	R
546	2	GCATACAACTTCTC	R
546	3	CGACGAGGATTTAT	R
546	4	CGTAGTATTGAAGC	R
546	5	CATTCACTAAGACG	R
546	6	AGTCTTAGTGGAAG	R
546	7	CCAATAGTAAGGCT	R
546	8	TCTAACTATGACCG	R
546	9	TAGTATTGGTCACC	R
546	10	GCTAATACACACCA	R
546	11	CCTTCTTACATCCA	R
546	12	CCTTGATTATCGTC	R
546	13	TACATTAGCCTCCA	R
546	14	TGGTATGAATCTGA	R
546	15	CGGTGAATCCTTAG	R
546	16	TCACCTATCACTCC	R
546	17	CTGTGTTACTGTTG	R
546	18	GTATTGATAAGCCA	R
546	19	GTCTGTTACAATCT	R
546	20	GTGAATACACACTG	R
546	21	CTAATGTTCAAGGA	R
546	22	TCATTCCATTGTCT	R
546	23	AGATAACAGAAGTG	R
546	24	CTATTGTGGTTAGG	R
546	25	TTATGAACTGCCAC	R
546	26	CACATTGAGCCTTA	R
546	27	CACCATCATTCAAC	R
546	28	TTGTAATAGGTGCC	R
546	29	CATTAGATGTGCTC	R
546	30	CAACCACCTAATGA	R
647	1	AATAGCGGAACTTG	L
647	2	ATCCATCGTAAGAG	L
647	3	CAGCGTAATACTTC	L
647	4	CATAGTGACAGAGT	L
647	5	CACTCCACTTATTA	L
647	6	TTCACAATCAGGAG	L
647	7	ATCCATACTCAACG	L
647	8	GTCCAGGCAATAAG	L
647	9	CTCATACGGTCATA	L
647	10	GGAATAATCAGCCT	L
647	11	TCCGTCTAATACTG	L
647	12	ACACGATGAACTAC	L
647	13	ATGACATTCAAGGA	L
647	14	CGATTGGTCTATTG	L
647	15	GGATTCAACCTTAG	L
647	16	TGTGCTCTTATCAG	L
647	17	GGATTTCGTTTACC	L
647	18	ATGATTGACATCCT	L
647	19	AGAATACTGAACGC	L
647	20	CGCATAAGGCTTTA	L
647	21	CCTGAAGAATGTTG	L
647	22	CTCTCACAACCTAA	L
647	23	TTCTATGTGTTGGT	L
647	24	TAGACAATGATGGT	L
647	25	GTTATGCTCAACCG	L
647	26	TCGGATAAGATTCA	L
647	27	CTTGCCTAACGATT	L
647	28	AGGGTCTATTGAAG	L
647	29	TAAGATGGCAGATT	L
647	30	TGACACATTCTACG	L
647	1	TGAGCATAATGTGC	R
647	2	CAAGTTTAGCCTTC	R
647	3	AGTTCGTTCTATGA	R
647	4	AGAATGTGGAGAAG	R
647	5	GCCTATTCAGAACC	R
647	6	GTAAGAGACATTGC	R
647	7	CAGGAGTAAACAGA	R
647	8	GCAGTTCTTAGACA	R
647	9	CGTTCTATTGATGG	R
647	10	AATGTTCAAGACGA	R
647	11	TATTCATCTGCTCT	R
647	12	AGAGTAGGAGTCTC	R
647	13	GTAACGCTCCTATC	R
647	14	TATCGTCGTCTAAT	R
647	15	GGTAATCGGAACAT	R
647	16	CCGTGATAGACTCT	R
647	17	CAAATAGCCCAAAG	R
647	18	ATCTCCTAAGTCCT	R
647	19	TTGTCACCAACTTA	R
647	20	GAGATTCAGATTGC	R
647	21	ATGCTAATAGGTGT	R
647	22	CAAATGAAACCGAG	R
647	23	ATTACGATTCCGAC	R
647	24	ATCGGTCCTATTAC	R
647	25	AGAGAATACTGACC	R
647	26	GCGTGATTACTACG	R
647	27	GGCTAACCTGTATT	R
647	28	AACCACTCGGATAA	R
647	29	AGATTCATAAGACC	R
647	30	ACTAAGTGTCCAAT	R